Country, Product ,Units Sold,Revenue per cookie  ,Cost per cookie ,Total Revenue ,Total Cost ,Total Profit ,Date,Month Number,Month Name ,Year,Profit Margin,PPI
Canada, Chocolate Chip ,292,5,2,1460,584,876,2/1/2019,2, February ,2019,60,5
Mexico, Chocolate Chip ,974,5,2,4870,1948,2922,2/1/2019,2, February ,2019,60,5
Canada, Chocolate Chip ,2518,5,2,12590,5036,7554,6/1/2019,6, June ,2019,60,5
Germany, Chocolate Chip ,1006,5,2,5030,2012,3018,6/1/2019,6, June ,2019,60,5
Germany, Chocolate Chip ,367,5,2,1835,734,1101,7/1/2019,7, July ,2019,60,5
Mexico, Chocolate Chip ,883,5,2,4415,1766,2649,8/1/2019,8, August ,2019,60,5
France, Chocolate Chip ,549,5,2,2745,1098,1647,9/1/2018,9, September ,2018,60,5
Mexico, Chocolate Chip ,788,5,2,3940,1576,2364,9/1/2018,9, September ,2018,60,5
Mexico, Chocolate Chip ,2472,5,2,12360,4944,7416,9/1/2019,9, September ,2019,60,5
United States, Chocolate Chip ,1143,5,2,5715,2286,3429,10/1/2019,10, October ,2019,60,5
Canada, Chocolate Chip ,1725,5,2,8625,3450,5175,11/1/2018,11, November ,2018,60,5
United States, Chocolate Chip ,912,5,2,4560,1824,2736,11/1/2018,11, November ,2018,60,5
Canada, Chocolate Chip ,2152,5,2,10760,4304,6456,12/1/2018,12, December ,2018,60,5
Canada, Chocolate Chip ,1817,5,2,9085,3634,5451,12/1/2019,12, December ,2019,60,5
Germany, Chocolate Chip ,1513,5,2,7565,3026,4539,12/1/2019,12, December ,2019,60,5
France, Chocolate Chip ,3945,5,2,19725,7890,11835,1/1/2019,1, January ,2019,60,5
France, Chocolate Chip ,2296,5,2,11480,4592,6888,2/1/2019,2, February ,2019,60,5
France, Chocolate Chip ,1030,5,2,5150,2060,3090,5/1/2019,5, May ,2019,60,5
United States, Chocolate Chip ,1514,5,2,7570,3028,4542,2/1/2019,2, February ,2019,60,5
United States, Chocolate Chip ,4492.5,5,2,22462.5,8985,13477.5,4/1/2019,4, April ,2019,60,5
United States, Chocolate Chip ,727,5,2,3635,1454,2181,6/1/2019,6, June ,2019,60,5
France, Chocolate Chip ,787,5,2,3935,1574,2361,6/1/2019,6, June ,2019,60,5
Mexico, Chocolate Chip ,1823,5,2,9115,3646,5469,7/1/2019,7, July ,2019,60,5
Germany, Chocolate Chip ,747,5,2,3735,1494,2241,9/1/2019,9, September ,2019,60,5
Germany, Chocolate Chip ,766,5,2,3830,1532,2298,10/1/2018,10, October ,2018,60,5
United States, Chocolate Chip ,2905,5,2,14525,5810,8715,11/1/2019,11, November ,2019,60,5
France, Chocolate Chip ,2155,5,2,10775,4310,6465,12/1/2019,12, December ,2019,60,5
Canada, Chocolate Chip ,2363,5,2,11815,4726,7089,2/1/2019,2, February ,2019,60,5
France, Chocolate Chip ,918,5,2,4590,1836,2754,5/1/2019,5, May ,2019,60,5
Germany, Chocolate Chip ,1728,5,2,8640,3456,5184,5/1/2019,5, May ,2019,60,5
United States, Chocolate Chip ,1142,5,2,5710,2284,3426,6/1/2019,6, June ,2019,60,5
Mexico, Chocolate Chip ,662,5,2,3310,1324,1986,6/1/2019,6, June ,2019,60,5
Canada, Chocolate Chip ,1295,5,2,6475,2590,3885,10/1/2019,10, October ,2019,60,5
Germany, Chocolate Chip ,809,5,2,4045,1618,2427,10/1/2018,10, October ,2018,60,5
Mexico, Chocolate Chip ,2145,5,2,10725,4290,6435,10/1/2018,10, October ,2018,60,5
France, Chocolate Chip ,1785,5,2,8925,3570,5355,11/1/2018,11, November ,2018,60,5
Canada, Chocolate Chip ,1916,5,2,9580,3832,5748,12/1/2019,12, December ,2019,60,5
Canada, Chocolate Chip ,2852,5,2,14260,5704,8556,12/1/2019,12, December ,2019,60,5
Canada, Chocolate Chip ,2729,5,2,13645,5458,8187,12/1/2019,12, December ,2019,60,5
United States, Chocolate Chip ,1925,5,2,9625,3850,5775,12/1/2018,12, December ,2018,60,5
United States, Chocolate Chip ,2013,5,2,10065,4026,6039,12/1/2018,12, December ,2018,60,5
France, Chocolate Chip ,1055,5,2,5275,2110,3165,12/1/2019,12, December ,2019,60,5
Mexico, Chocolate Chip ,1084,5,2,5420,2168,3252,12/1/2019,12, December ,2019,60,5
France, Chocolate Chip ,2434.5,5,2,12172.5,4869,7303.5,1/1/2019,1, January ,2019,60,5
Canada, Chocolate Chip ,1774,5,2,8870,3548,5322,3/1/2019,3, March ,2019,60,5
France, Chocolate Chip ,1901,5,2,9505,3802,5703,6/1/2019,6, June ,2019,60,5
Germany, Chocolate Chip ,689,5,2,3445,1378,2067,6/1/2019,6, June ,2019,60,5
Germany, Chocolate Chip ,1570,5,2,7850,3140,4710,6/1/2019,6, June ,2019,60,5
United States, Chocolate Chip ,1369.5,5,2,6847.5,2739,4108.5,7/1/2019,7, July ,2019,60,5
Canada, Chocolate Chip ,2009,5,2,10045,4018,6027,10/1/2019,10, October ,2019,60,5
Germany, Chocolate Chip ,1945,5,2,9725,3890,5835,10/1/2018,10, October ,2018,60,5
France, Chocolate Chip ,1287,5,2,6435,2574,3861,12/1/2019,12, December ,2019,60,5
Germany, Chocolate Chip ,1706,5,2,8530,3412,5118,12/1/2019,12, December ,2019,60,5
Mexico, Chocolate Chip ,1760,5,2,8800,3520,5280,9/1/2018,9, September ,2018,60,5
Mexico, Chocolate Chip ,2031,5,2,10155,4062,6093,10/1/2019,10, October ,2019,60,5
France, Chocolate Chip ,2261,5,2,11305,4522,6783,12/1/2018,12, December ,2018,60,5
Canada, Chocolate Chip ,4251,5,2,21255,8502,12753,1/1/2019,1, January ,2019,60,5
Germany, Chocolate Chip ,795,5,2,3975,1590,2385,3/1/2019,3, March ,2019,60,5
Germany, Chocolate Chip ,1414.5,5,2,7072.5,2829,4243.5,4/1/2019,4, April ,2019,60,5
United States, Chocolate Chip ,2918,5,2,14590,5836,8754,5/1/2019,5, May ,2019,60,5
United States, Chocolate Chip ,3450,5,2,17250,6900,10350,7/1/2019,7, July ,2019,60,5
France, Chocolate Chip ,2988,5,2,14940,5976,8964,7/1/2019,7, July ,2019,60,5
Canada, Chocolate Chip ,218,5,2,1090,436,654,9/1/2019,9, September ,2019,60,5
Canada, Chocolate Chip ,2074,5,2,10370,4148,6222,9/1/2019,9, September ,2019,60,5
United States, Chocolate Chip ,1056,5,2,5280,2112,3168,9/1/2019,9, September ,2019,60,5
United States, Chocolate Chip ,671,5,2,3355,1342,2013,10/1/2018,10, October ,2018,60,5
Mexico, Chocolate Chip ,1514,5,2,7570,3028,4542,10/1/2018,10, October ,2018,60,5
United States, Chocolate Chip ,274,5,2,1370,548,822,12/1/2019,12, December ,2019,60,5
Mexico, Chocolate Chip ,1138,5,2,5690,2276,3414,12/1/2019,12, December ,2019,60,5
Germany, Chocolate Chip ,1372,5,2,6860,2744,4116,1/1/2019,1, January ,2019,60,5
Canada, Chocolate Chip ,2349,5,2,11745,4698,7047,9/1/2018,9, September ,2018,60,5
Mexico, Chocolate Chip ,2689,5,2,13445,5378,8067,10/1/2019,10, October ,2019,60,5
Canada, Chocolate Chip ,2431,5,2,12155,4862,7293,12/1/2019,12, December ,2019,60,5
France, Chocolate Chip ,1303,5,2,6515,2606,3909,2/1/2019,2, February ,2019,60,5
United States, Chocolate Chip ,2992,5,2,14960,5984,8976,3/1/2019,3, March ,2019,60,5
France, Chocolate Chip ,2385,5,2,11925,4770,7155,3/1/2019,3, March ,2019,60,5
Mexico, Chocolate Chip ,1607,5,2,8035,3214,4821,4/1/2019,4, April ,2019,60,5
United States, Chocolate Chip ,2327,5,2,11635,4654,6981,5/1/2019,5, May ,2019,60,5
United States, Chocolate Chip ,991,5,2,4955,1982,2973,6/1/2019,6, June ,2019,60,5
United States, Chocolate Chip ,602,5,2,3010,1204,1806,6/1/2019,6, June ,2019,60,5
France, Chocolate Chip ,2620,5,2,13100,5240,7860,9/1/2019,9, September ,2019,60,5
Canada, Chocolate Chip ,1228,5,2,6140,2456,3684,10/1/2018,10, October ,2018,60,5
Canada, Chocolate Chip ,1389,5,2,6945,2778,4167,10/1/2018,10, October ,2018,60,5
United States, Chocolate Chip ,861,5,2,4305,1722,2583,10/1/2019,10, October ,2019,60,5
France, Chocolate Chip ,704,5,2,3520,1408,2112,10/1/2018,10, October ,2018,60,5
Canada, Chocolate Chip ,1802,5,2,9010,3604,5406,12/1/2018,12, December ,2018,60,5
United States, Chocolate Chip ,2663,5,2,13315,5326,7989,12/1/2019,12, December ,2019,60,5
France, Chocolate Chip ,2136,5,2,10680,4272,6408,12/1/2018,12, December ,2018,60,5
Germany, Chocolate Chip ,2116,5,2,10580,4232,6348,12/1/2018,12, December ,2018,60,5
France, Chocolate Chip ,3801,5,2,19005,7602,11403,4/1/2019,4, April ,2019,60,5
France, Chocolate Chip ,1496,5,2,7480,2992,4488,6/1/2019,6, June ,2019,60,5
Canada, Chocolate Chip ,2299,5,2,11495,4598,6897,10/1/2018,10, October ,2018,60,5
United States, Chocolate Chip ,727,5,2,3635,1454,2181,10/1/2018,10, October ,2018,60,5
United States, Chocolate Chip ,2198,5,2,10990,4396,6594,8/1/2019,8, August ,2019,60,5
Germany, Chocolate Chip ,1743,5,2,8715,3486,5229,8/1/2019,8, August ,2019,60,5
United States, Chocolate Chip ,1153,5,2,5765,2306,3459,10/1/2019,10, October ,2019,60,5
France, Chocolate Chip ,1757,5,2,8785,3514,5271,10/1/2018,10, October ,2018,60,5
France, Chocolate Chip ,1031,5,2,5155,2062,3093,9/1/2018,9, September ,2018,60,5
Canada, Chocolate Chip ,1702,5,2,8510,3404,5106,5/1/2019,5, May ,2019,60,5
France, Chocolate Chip ,448,5,2,2240,896,1344,6/1/2019,6, June ,2019,60,5
Germany, Chocolate Chip ,3513,5,2,17565,7026,10539,7/1/2019,7, July ,2019,60,5
France, Chocolate Chip ,2101,5,2,10505,4202,6303,8/1/2019,8, August ,2019,60,5
United States, Chocolate Chip ,2931,5,2,14655,5862,8793,9/1/2018,9, September ,2018,60,5
France, Chocolate Chip ,1535,5,2,7675,3070,4605,9/1/2019,9, September ,2019,60,5
Germany, Chocolate Chip ,1123,5,2,5615,2246,3369,9/1/2018,9, September ,2018,60,5
Canada, Chocolate Chip ,1404,5,2,7020,2808,4212,11/1/2018,11, November ,2018,60,5
Mexico, Chocolate Chip ,2763,5,2,13815,5526,8289,11/1/2018,11, November ,2018,60,5
Germany, Chocolate Chip ,2125,5,2,10625,4250,6375,12/1/2018,12, December ,2018,60,5
Canada, Chocolate Chip ,257,5,2,1285,514,771,5/1/2019,5, May ,2019,60,5
Mexico, Chocolate Chip ,1114,5,2,5570,2228,3342,3/1/2019,3, March ,2019,60,5
Germany, Chocolate Chip ,1259,5,2,6295,2518,3777,4/1/2019,4, April ,2019,60,5
Germany, Chocolate Chip ,1095,5,2,5475,2190,3285,5/1/2019,5, May ,2019,60,5
Germany, Chocolate Chip ,1366,5,2,6830,2732,4098,6/1/2019,6, June ,2019,60,5
Mexico, Chocolate Chip ,2460,5,2,12300,4920,7380,6/1/2019,6, June ,2019,60,5
United States, Chocolate Chip ,678,5,2,3390,1356,2034,8/1/2019,8, August ,2019,60,5
Germany, Chocolate Chip ,1598,5,2,7990,3196,4794,8/1/2019,8, August ,2019,60,5
Germany, Chocolate Chip ,2409,5,2,12045,4818,7227,9/1/2018,9, September ,2018,60,5
Germany, Chocolate Chip ,1934,5,2,9670,3868,5802,9/1/2019,9, September ,2019,60,5
Mexico, Chocolate Chip ,2993,5,2,14965,5986,8979,9/1/2019,9, September ,2019,60,5
Germany, Chocolate Chip ,2146,5,2,10730,4292,6438,11/1/2018,11, November ,2018,60,5
Mexico, Chocolate Chip ,1946,5,2,9730,3892,5838,12/1/2018,12, December ,2018,60,5
Mexico, Chocolate Chip ,1362,5,2,6810,2724,4086,12/1/2019,12, December ,2019,60,5
Mexico, Chocolate Chip ,2565,5,2,12825,5130,7695,1/1/2019,1, January ,2019,60,5
Mexico, Chocolate Chip ,2417,5,2,12085,4834,7251,1/1/2019,1, January ,2019,60,5
United States, Chocolate Chip ,3675,5,2,18375,7350,11025,4/1/2019,4, April ,2019,60,5
Canada, Chocolate Chip ,1094,5,2,5470,2188,3282,6/1/2019,6, June ,2019,60,5
France, Chocolate Chip ,1227,5,2,6135,2454,3681,10/1/2019,10, October ,2019,60,5
Mexico, Chocolate Chip ,367,5,2,1835,734,1101,10/1/2018,10, October ,2018,60,5
France, Chocolate Chip ,1324,5,2,6620,2648,3972,11/1/2019,11, November ,2019,60,5
Germany, Chocolate Chip ,1775,5,2,8875,3550,5325,11/1/2018,11, November ,2018,60,5
United States, Chocolate Chip ,2797,5,2,13985,5594,8391,12/1/2019,12, December ,2019,60,5
United States, Chocolate Chip ,973,5,2,4865,1946,2919,3/1/2019,3, March ,2019,60,5
Mexico, Chocolate Chip ,1038,5,2,5190,2076,3114,6/1/2019,6, June ,2019,60,5
Germany, Chocolate Chip ,360,5,2,1800,720,1080,10/1/2019,10, October ,2019,60,5
United States, Chocolate Chip ,386,5,2,1930,772,1158,10/1/2018,10, October ,2018,60,5
France, Chocolate Chip ,1954,5,2,9770,3908,5862,3/1/2019,3, March ,2019,60,5
Mexico, Chocolate Chip ,591,5,2,2955,1182,1773,5/1/2019,5, May ,2019,60,5
France, Chocolate Chip ,2167,5,2,10835,4334,6501,10/1/2018,10, October ,2018,60,5
Germany, Chocolate Chip ,241,5,2,1205,482,723,10/1/2019,10, October ,2019,60,5
France, Chocolate Chip ,2532,5,2,12660,5064,7596,4/1/2019,4, April ,2019,60,5
France, Chocolate Chip ,1198,5,2,5990,2396,3594,10/1/2018,10, October ,2018,60,5
Canada, Chocolate Chip ,873,5,2,4365,1746,2619,1/1/2019,1, January ,2019,60,5
Mexico, Chocolate Chip ,1122,5,2,5610,2244,3366,3/1/2019,3, March ,2019,60,5
Canada, Chocolate Chip ,2104.5,5,2,10522.5,4209,6313.5,7/1/2019,7, July ,2019,60,5
Canada, Chocolate Chip ,4026,5,2,20130,8052,12078,7/1/2019,7, July ,2019,60,5
France, Chocolate Chip ,2425.5,5,2,12127.5,4851,7276.5,7/1/2019,7, July ,2019,60,5
Canada, Chocolate Chip ,2394,5,2,11970,4788,7182,8/1/2019,8, August ,2019,60,5
Mexico, Chocolate Chip ,1984,5,2,9920,3968,5952,8/1/2019,8, August ,2019,60,5
France, Chocolate Chip ,2441,5,2,12205,4882,7323,10/1/2019,10, October ,2019,60,5
Germany, Chocolate Chip ,2992,5,2,14960,5984,8976,10/1/2018,10, October ,2018,60,5
Canada, Chocolate Chip ,1366,5,2,6830,2732,4098,11/1/2019,11, November ,2019,60,5
United States, Chocolate Chip ,380,5,2,1900,760,1140,9/1/2018,9, September ,2018,60,5
United States, Chocolate Chip ,3495,5,2,17475,6990,10485,1/1/2019,1, January ,2019,60,5
Mexico, Chocolate Chip ,886,5,2,4430,1772,2658,6/1/2019,6, June ,2019,60,5
Mexico, Chocolate Chip ,2156,5,2,10780,4312,6468,10/1/2019,10, October ,2019,60,5
Mexico, Chocolate Chip ,905,5,2,4525,1810,2715,10/1/2019,10, October ,2019,60,5
Mexico, Chocolate Chip ,1715,5,2,8575,3430,5145,10/1/2018,10, October ,2018,60,5
France, Chocolate Chip ,1594,5,2,7970,3188,4782,11/1/2019,11, November ,2019,60,5
Germany, Chocolate Chip ,1359,5,2,6795,2718,4077,11/1/2019,11, November ,2019,60,5
Mexico, Chocolate Chip ,2150,5,2,10750,4300,6450,11/1/2019,11, November ,2019,60,5
Mexico, Chocolate Chip ,1197,5,2,5985,2394,3591,11/1/2019,11, November ,2019,60,5
Mexico, Chocolate Chip ,380,5,2,1900,760,1140,12/1/2018,12, December ,2018,60,5
Mexico, Chocolate Chip ,1233,5,2,6165,2466,3699,12/1/2019,12, December ,2019,60,5
Germany, Chocolate Chip ,1531,5,2,7655,3062,4593,12/1/2019,12, December ,2019,60,5
United States, Chocolate Chip ,1438.5,5,2,7192.5,2877,4315.5,1/1/2019,1, January ,2019,60,5
Germany, Chocolate Chip ,807,5,2,4035,1614,2421,1/1/2019,1, January ,2019,60,5
United States, Chocolate Chip ,2641,5,2,13205,5282,7923,2/1/2019,2, February ,2019,60,5
Germany, Chocolate Chip ,2708,5,2,13540,5416,8124,2/1/2019,2, February ,2019,60,5
Canada, Chocolate Chip ,2632,5,2,13160,5264,7896,6/1/2019,6, June ,2019,60,5
Canada, Chocolate Chip ,1583,5,2,7915,3166,4749,6/1/2019,6, June ,2019,60,5
Mexico, Chocolate Chip ,571,5,2,2855,1142,1713,7/1/2019,7, July ,2019,60,5
France, Chocolate Chip ,2696,5,2,13480,5392,8088,8/1/2019,8, August ,2019,60,5
Canada, Chocolate Chip ,1565,5,2,7825,3130,4695,10/1/2019,10, October ,2019,60,5
Canada, Chocolate Chip ,1249,5,2,6245,2498,3747,10/1/2019,10, October ,2019,60,5
Germany, Chocolate Chip ,357,5,2,1785,714,1071,11/1/2019,11, November ,2019,60,5
Germany, Chocolate Chip ,1013,5,2,5065,2026,3039,12/1/2019,12, December ,2019,60,5
Germany, Chocolate Chip ,278,5,2,1390,556,834,2/1/2019,2, February ,2019,60,5
Canada, Chocolate Chip ,2428,5,2,12140,4856,7284,3/1/2019,3, March ,2019,60,5
United States, Chocolate Chip ,1767,5,2,8835,3534,5301,9/1/2019,9, September ,2019,60,5
France, Chocolate Chip ,1393,5,2,6965,2786,4179,10/1/2019,10, October ,2019,60,5
Mexico, Chocolate Chip ,260,5,2,1300,520,780,2/1/2019,2, February ,2019,60,5
Canada, Chocolate Chip ,2470,5,2,12350,4940,7410,9/1/2018,9, September ,2018,60,5
Canada, Chocolate Chip ,1743,5,2,8715,3486,5229,10/1/2018,10, October ,2018,60,5
United States, Chocolate Chip ,2914,5,2,14570,5828,8742,10/1/2019,10, October ,2019,60,5
France, Chocolate Chip ,1731,5,2,8655,3462,5193,10/1/2019,10, October ,2019,60,5
Canada, Chocolate Chip ,700,5,2,3500,1400,2100,11/1/2019,11, November ,2019,60,5
Canada, Chocolate Chip ,2222,5,2,11110,4444,6666,11/1/2018,11, November ,2018,60,5
United States, Chocolate Chip ,1177,5,2,5885,2354,3531,11/1/2019,11, November ,2019,60,5
France, Chocolate Chip ,1922,5,2,9610,3844,5766,11/1/2018,11, November ,2018,60,5
Germany, Chocolate Chip ,1158,5,2,5790,2316,3474,3/1/2019,3, March ,2019,60,5
Canada, Chocolate Chip ,1614,5,2,8070,3228,4842,4/1/2019,4, April ,2019,60,5
Mexico, Chocolate Chip ,2535,5,2,12675,5070,7605,4/1/2019,4, April ,2019,60,5
Mexico, Chocolate Chip ,2851,5,2,14255,5702,8553,5/1/2019,5, May ,2019,60,5
Canada, Chocolate Chip ,2559,5,2,12795,5118,7677,8/1/2019,8, August ,2019,60,5
United States, Chocolate Chip ,267,5,2,1335,534,801,10/1/2018,10, October ,2018,60,5
Germany, Chocolate Chip ,1085,5,2,5425,2170,3255,10/1/2019,10, October ,2019,60,5
Germany, Chocolate Chip ,1175,5,2,5875,2350,3525,10/1/2019,10, October ,2019,60,5
United States, Chocolate Chip ,2007,5,2,10035,4014,6021,11/1/2018,11, November ,2018,60,5
Mexico, Chocolate Chip ,2151,5,2,10755,4302,6453,11/1/2018,11, November ,2018,60,5
United States, Chocolate Chip ,914,5,2,4570,1828,2742,12/1/2019,12, December ,2019,60,5
France, Chocolate Chip ,293,5,2,1465,586,879,12/1/2019,12, December ,2019,60,5
Canada, Chocolate Chip ,723,5,2,3615,1446,2169,4/1/2019,4, April ,2019,60,5
Germany, Fortune Cookie ,921,1,0.2,921,184.2,736.8,3/1/2019,3, March ,2019,80,1
Canada, Fortune Cookie ,2518,1,0.2,2518,503.6,2014.4,6/1/2019,6, June ,2019,80,1
France, Fortune Cookie ,1899,1,0.2,1899,379.8,1519.2,6/1/2019,6, June ,2019,80,1
Germany, Fortune Cookie ,1545,1,0.2,1545,309,1236,6/1/2019,6, June ,2019,80,1
Mexico, Fortune Cookie ,2470,1,0.2,2470,494,1976,6/1/2019,6, June ,2019,80,1
Canada, Fortune Cookie ,2665.5,1,0.2,2665.5,533.1,2132.4,7/1/2019,7, July ,2019,80,1
Mexico, Fortune Cookie ,958,1,0.2,958,191.6,766.4,8/1/2019,8, August ,2019,80,1
Germany, Fortune Cookie ,2146,1,0.2,2146,429.2,1716.8,9/1/2019,9, September ,2019,80,1
Canada, Fortune Cookie ,345,1,0.2,345,69,276,10/1/2018,10, October ,2018,80,1
United States, Fortune Cookie ,615,1,0.2,615,123,492,12/1/2019,12, December ,2019,80,1
Mexico, Fortune Cookie ,2214,1,0.2,2214,442.8,1771.2,3/1/2019,3, March ,2019,80,1
United States, Fortune Cookie ,2301,1,0.2,2301,460.2,1840.8,4/1/2019,4, April ,2019,80,1
France, Fortune Cookie ,1375.5,1,0.2,1375.5,275.1,1100.4,7/1/2019,7, July ,2019,80,1
Canada, Fortune Cookie ,1830,1,0.2,1830,366,1464,8/1/2019,8, August ,2019,80,1
United States, Fortune Cookie ,2498,1,0.2,2498,499.6,1998.4,9/1/2018,9, September ,2018,80,1
United States, Fortune Cookie ,663,1,0.2,663,132.6,530.4,10/1/2018,10, October ,2018,80,1
United States, Fortune Cookie ,1142,1,0.2,1142,228.4,913.6,6/1/2019,6, June ,2019,80,1
United States, Fortune Cookie ,1566,1,0.2,1566,313.2,1252.8,10/1/2019,10, October ,2019,80,1
Mexico, Fortune Cookie ,690,1,0.2,690,138,552,11/1/2019,11, November ,2019,80,1
Mexico, Fortune Cookie ,1660,1,0.2,1660,332,1328,11/1/2018,11, November ,2018,80,1
Germany, Fortune Cookie ,1958,1,0.2,1958,391.6,1566.4,2/1/2019,2, February ,2019,80,1
France, Fortune Cookie ,1901,1,0.2,1901,380.2,1520.8,6/1/2019,6, June ,2019,80,1
France, Fortune Cookie ,544,1,0.2,544,108.8,435.2,9/1/2019,9, September ,2019,80,1
Germany, Fortune Cookie ,1797,1,0.2,1797,359.4,1437.6,9/1/2018,9, September ,2018,80,1
France, Fortune Cookie ,1287,1,0.2,1287,257.4,1029.6,12/1/2019,12, December ,2019,80,1
Germany, Fortune Cookie ,1706,1,0.2,1706,341.2,1364.8,12/1/2019,12, December ,2019,80,1
Mexico, Fortune Cookie ,2031,1,0.2,2031,406.2,1624.8,10/1/2019,10, October ,2019,80,1
Canada, Fortune Cookie ,1967,1,0.2,1967,393.4,1573.6,3/1/2019,3, March ,2019,80,1
Germany, Fortune Cookie ,1859,1,0.2,1859,371.8,1487.2,8/1/2019,8, August ,2019,80,1
Canada, Fortune Cookie ,2851,1,0.2,2851,570.2,2280.8,10/1/2018,10, October ,2018,80,1
Germany, Fortune Cookie ,2021,1,0.2,2021,404.2,1616.8,10/1/2019,10, October ,2019,80,1
Mexico, Fortune Cookie ,1138,1,0.2,1138,227.6,910.4,12/1/2019,12, December ,2019,80,1
Germany, Fortune Cookie ,1159,1,0.2,1159,231.8,927.2,10/1/2018,10, October ,2018,80,1
France, Fortune Cookie ,1384.5,1,0.2,1384.5,276.9,1107.6,1/1/2019,1, January ,2019,80,1
United States, Fortune Cookie ,3627,1,0.2,3627,725.4,2901.6,7/1/2019,7, July ,2019,80,1
Mexico, Fortune Cookie ,720,1,0.2,720,144,576,9/1/2018,9, September ,2018,80,1
Germany, Fortune Cookie ,2342,1,0.2,2342,468.4,1873.6,11/1/2019,11, November ,2019,80,1
Mexico, Fortune Cookie ,1100,1,0.2,1100,220,880,12/1/2018,12, December ,2018,80,1
Mexico, Fortune Cookie ,980,1,0.2,980,196,784,4/1/2019,4, April ,2019,80,1
Germany, Fortune Cookie ,1460,1,0.2,1460,292,1168,5/1/2019,5, May ,2019,80,1
France, Fortune Cookie ,1403,1,0.2,1403,280.6,1122.4,10/1/2018,10, October ,2018,80,1
United States, Fortune Cookie ,2723,1,0.2,2723,544.6,2178.4,11/1/2019,11, November ,2019,80,1
France, Fortune Cookie ,1757,1,0.2,1757,351.4,1405.6,10/1/2018,10, October ,2018,80,1
Mexico, Fortune Cookie ,2340,1,0.2,2340,468,1872,1/1/2019,1, January ,2019,80,1
France, Fortune Cookie ,2342,1,0.2,2342,468.4,1873.6,11/1/2019,11, November ,2019,80,1
France, Fortune Cookie ,1976,1,0.2,1976,395.2,1580.8,10/1/2019,10, October ,2019,80,1
France, Fortune Cookie ,2181,1,0.2,2181,436.2,1744.8,10/1/2019,10, October ,2019,80,1
Germany, Fortune Cookie ,2500,1,0.2,2500,500,2000,11/1/2018,11, November ,2018,80,1
Canada, Fortune Cookie ,488,1,0.2,488,97.6,390.4,2/1/2019,2, February ,2019,80,1
United States, Fortune Cookie ,1282,1,0.2,1282,256.4,1025.6,6/1/2019,6, June ,2019,80,1
France, Fortune Cookie ,2501,1,0.2,2501,500.2,2000.8,3/1/2019,3, March ,2019,80,1
Canada, Fortune Cookie ,708,1,0.2,708,141.6,566.4,6/1/2019,6, June ,2019,80,1
Germany, Fortune Cookie ,645,1,0.2,645,129,516,7/1/2019,7, July ,2019,80,1
France, Fortune Cookie ,1562,1,0.2,1562,312.4,1249.6,8/1/2019,8, August ,2019,80,1
Canada, Fortune Cookie ,1283,1,0.2,1283,256.6,1026.4,9/1/2018,9, September ,2018,80,1
Germany, Fortune Cookie ,711,1,0.2,711,142.2,568.8,12/1/2019,12, December ,2019,80,1
Canada, Fortune Cookie ,3802.5,1,0.2,3802.5,760.5,3042,4/1/2019,4, April ,2019,80,1
France, Fortune Cookie ,1666,1,0.2,1666,333.2,1332.8,5/1/2019,5, May ,2019,80,1
France, Fortune Cookie ,322,1,0.2,322,64.4,257.6,9/1/2018,9, September ,2018,80,1
Canada, Fortune Cookie ,2321,1,0.2,2321,464.2,1856.8,11/1/2019,11, November ,2019,80,1
France, Fortune Cookie ,1857,1,0.2,1857,371.4,1485.6,11/1/2018,11, November ,2018,80,1
Canada, Fortune Cookie ,1611,1,0.2,1611,322.2,1288.8,12/1/2018,12, December ,2018,80,1
United States, Fortune Cookie ,2797,1,0.2,2797,559.4,2237.6,12/1/2019,12, December ,2019,80,1
Germany, Fortune Cookie ,334,1,0.2,334,66.8,267.2,12/1/2018,12, December ,2018,80,1
United States, Fortune Cookie ,2328,1,0.2,2328,465.6,1862.4,9/1/2019,9, September ,2019,80,1
United States, Fortune Cookie ,2313,1,0.2,2313,462.6,1850.4,5/1/2019,5, May ,2019,80,1
United States, Fortune Cookie ,1804,1,0.2,1804,360.8,1443.2,11/1/2018,11, November ,2018,80,1
France, Fortune Cookie ,2072,1,0.2,2072,414.4,1657.6,12/1/2019,12, December ,2019,80,1
Germany, Fortune Cookie ,766,1,0.2,766,153.2,612.8,1/1/2019,1, January ,2019,80,1
Germany, Fortune Cookie ,2992,1,0.2,2992,598.4,2393.6,10/1/2018,10, October ,2018,80,1
Mexico, Fortune Cookie ,2157,1,0.2,2157,431.4,1725.6,12/1/2019,12, December ,2019,80,1
United States, Fortune Cookie ,677,1,0.2,677,135.4,541.6,3/1/2019,3, March ,2019,80,1
France, Fortune Cookie ,1773,1,0.2,1773,354.6,1418.4,4/1/2019,4, April ,2019,80,1
Mexico, Fortune Cookie ,2420,1,0.2,2420,484,1936,9/1/2019,9, September ,2019,80,1
Canada, Fortune Cookie ,2734,1,0.2,2734,546.8,2187.2,10/1/2019,10, October ,2019,80,1
Mexico, Fortune Cookie ,1715,1,0.2,1715,343,1372,10/1/2018,10, October ,2018,80,1
France, Fortune Cookie ,1186,1,0.2,1186,237.2,948.8,12/1/2018,12, December ,2018,80,1
Mexico, Fortune Cookie ,2661,1,0.2,2661,532.2,2128.8,5/1/2019,5, May ,2019,80,1
United States, Fortune Cookie ,982.5,1,0.2,982.5,196.5,786,1/1/2019,1, January ,2019,80,1
United States, Fortune Cookie ,1298,1,0.2,1298,259.6,1038.4,2/1/2019,2, February ,2019,80,1
Mexico, Fortune Cookie ,604,1,0.2,604,120.8,483.2,6/1/2019,6, June ,2019,80,1
Mexico, Fortune Cookie ,2255,1,0.2,2255,451,1804,7/1/2019,7, July ,2019,80,1
Canada, Fortune Cookie ,1249,1,0.2,1249,249.8,999.2,10/1/2019,10, October ,2019,80,1
France, Fortune Cookie ,293,1,0.2,293,58.6,234.4,2/1/2019,2, February ,2019,80,1
United States, Fortune Cookie ,2996,1,0.2,2996,599.2,2396.8,10/1/2018,10, October ,2018,80,1
Canada, Fortune Cookie ,2227.5,1,0.2,2227.5,445.5,1782,1/1/2019,1, January ,2019,80,1
Germany, Fortune Cookie ,1199,1,0.2,1199,239.8,959.2,4/1/2019,4, April ,2019,80,1
Canada, Fortune Cookie ,200,1,0.2,200,40,160,5/1/2019,5, May ,2019,80,1
Canada, Fortune Cookie ,388,1,0.2,388,77.6,310.4,9/1/2019,9, September ,2019,80,1
Mexico, Fortune Cookie ,1727,1,0.2,1727,345.4,1381.6,10/1/2018,10, October ,2018,80,1
Canada, Fortune Cookie ,2300,1,0.2,2300,460,1840,12/1/2019,12, December ,2019,80,1
Mexico, Fortune Cookie ,546,1,0.2,546,109.2,436.8,10/1/2019,10, October ,2019,80,1
Mexico, Fortune Cookie ,1368,1,0.2,1368,273.6,1094.4,2/1/2019,2, February ,2019,80,1
France, Oatmeal Raisin ,2750,5,2.2,13750,6050,7700,2/1/2019,2, February ,2019,56,5
United States, Oatmeal Raisin ,1953,5,2.2,9765,4296.6,5468.4,4/1/2019,4, April ,2019,56,5
Germany, Oatmeal Raisin ,4219.5,5,2.2,21097.5,9282.9,11814.6,4/1/2019,4, April ,2019,56,5
France, Oatmeal Raisin ,1899,5,2.2,9495,4177.8,5317.2,6/1/2019,6, June ,2019,56,5
Germany, Oatmeal Raisin ,1686,5,2.2,8430,3709.2,4720.8,7/1/2019,7, July ,2019,56,5
United States, Oatmeal Raisin ,2141,5,2.2,10705,4710.2,5994.8,8/1/2019,8, August ,2019,56,5
United States, Oatmeal Raisin ,1143,5,2.2,5715,2514.6,3200.4,10/1/2019,10, October ,2019,56,5
United States, Oatmeal Raisin ,615,5,2.2,3075,1353,1722,12/1/2019,12, December ,2019,56,5
United States, Oatmeal Raisin ,1989,5,2.2,9945,4375.8,5569.2,9/1/2018,9, September ,2018,56,5
France, Oatmeal Raisin ,321,5,2.2,1605,706.2,898.8,11/1/2018,11, November ,2018,56,5
Germany, Oatmeal Raisin ,259,5,2.2,1295,569.8,725.2,3/1/2019,3, March ,2019,56,5
Mexico, Oatmeal Raisin ,1101,5,2.2,5505,2422.2,3082.8,3/1/2019,3, March ,2019,56,5
Germany, Oatmeal Raisin ,2276,5,2.2,11380,5007.2,6372.8,5/1/2019,5, May ,2019,56,5
Germany, Oatmeal Raisin ,2966,5,2.2,14830,6525.2,8304.8,10/1/2018,10, October ,2018,56,5
United States, Oatmeal Raisin ,1236,5,2.2,6180,2719.2,3460.8,11/1/2019,11, November ,2019,56,5
France, Oatmeal Raisin ,941,5,2.2,4705,2070.2,2634.8,11/1/2019,11, November ,2019,56,5
Canada, Oatmeal Raisin ,1916,5,2.2,9580,4215.2,5364.8,12/1/2019,12, December ,2019,56,5
Mexico, Oatmeal Raisin ,1865,5,2.2,9325,4103,5222,2/1/2019,2, February ,2019,56,5
Mexico, Oatmeal Raisin ,1074,5,2.2,5370,2362.8,3007.2,4/1/2019,4, April ,2019,56,5
Germany, Oatmeal Raisin ,1907,5,2.2,9535,4195.4,5339.6,9/1/2019,9, September ,2019,56,5
United States, Oatmeal Raisin ,671,5,2.2,3355,1476.2,1878.8,10/1/2018,10, October ,2018,56,5
Canada, Oatmeal Raisin ,1778,5,2.2,8890,3911.6,4978.4,12/1/2018,12, December ,2018,56,5
Mexico, Oatmeal Raisin ,1683,5,2.2,8415,3702.6,4712.4,7/1/2019,7, July ,2019,56,5
Mexico, Oatmeal Raisin ,1123,5,2.2,5615,2470.6,3144.4,8/1/2019,8, August ,2019,56,5
Germany, Oatmeal Raisin ,1159,5,2.2,5795,2549.8,3245.2,10/1/2018,10, October ,2018,56,5
Germany, Oatmeal Raisin ,1350,5,2.2,6750,2970,3780,2/1/2019,2, February ,2019,56,5
Canada, Oatmeal Raisin ,552,5,2.2,2760,1214.4,1545.6,8/1/2019,8, August ,2019,56,5
Canada, Oatmeal Raisin ,1228,5,2.2,6140,2701.6,3438.4,10/1/2018,10, October ,2018,56,5
Germany, Oatmeal Raisin ,1250,5,2.2,6250,2750,3500,12/1/2019,12, December ,2019,56,5
France, Oatmeal Raisin ,1987.5,5,2.2,9937.5,4372.5,5565,1/1/2019,1, January ,2019,56,5
Mexico, Oatmeal Raisin ,1679,5,2.2,8395,3693.8,4701.2,9/1/2019,9, September ,2019,56,5
United States, Oatmeal Raisin ,727,5,2.2,3635,1599.4,2035.6,10/1/2018,10, October ,2018,56,5
France, Oatmeal Raisin ,1403,5,2.2,7015,3086.6,3928.4,10/1/2018,10, October ,2018,56,5
France, Oatmeal Raisin ,2076,5,2.2,10380,4567.2,5812.8,10/1/2018,10, October ,2018,56,5
Canada, Oatmeal Raisin ,1135,5,2.2,5675,2497,3178,6/1/2019,6, June ,2019,56,5
Canada, Oatmeal Raisin ,1645,5,2.2,8225,3619,4606,5/1/2019,5, May ,2019,56,5
France, Oatmeal Raisin ,2876,5,2.2,14380,6327.2,8052.8,9/1/2019,9, September ,2019,56,5
Germany, Oatmeal Raisin ,994,5,2.2,4970,2186.8,2783.2,9/1/2018,9, September ,2018,56,5
Canada, Oatmeal Raisin ,1118,5,2.2,5590,2459.6,3130.4,11/1/2019,11, November ,2019,56,5
United States, Oatmeal Raisin ,1372,5,2.2,6860,3018.4,3841.6,12/1/2019,12, December ,2019,56,5
United States, Oatmeal Raisin ,1282,5,2.2,6410,2820.4,3589.6,6/1/2019,6, June ,2019,56,5
Canada, Oatmeal Raisin ,708,5,2.2,3540,1557.6,1982.4,6/1/2019,6, June ,2019,56,5
United States, Oatmeal Raisin ,2907,5,2.2,14535,6395.4,8139.6,6/1/2019,6, June ,2019,56,5
Germany, Oatmeal Raisin ,1366,5,2.2,6830,3005.2,3824.8,6/1/2019,6, June ,2019,56,5
Mexico, Oatmeal Raisin ,2460,5,2.2,12300,5412,6888,6/1/2019,6, June ,2019,56,5
Germany, Oatmeal Raisin ,1520,5,2.2,7600,3344,4256,11/1/2019,11, November ,2019,56,5
Germany, Oatmeal Raisin ,711,5,2.2,3555,1564.2,1990.8,12/1/2019,12, December ,2019,56,5
Mexico, Oatmeal Raisin ,1375,5,2.2,6875,3025,3850,12/1/2018,12, December ,2018,56,5
Mexico, Oatmeal Raisin ,635,5,2.2,3175,1397,1778,12/1/2019,12, December ,2019,56,5
United States, Oatmeal Raisin ,2071,5,2.2,10355,4556.2,5798.8,9/1/2019,9, September ,2019,56,5
Canada, Oatmeal Raisin ,1269,5,2.2,6345,2791.8,3553.2,10/1/2019,10, October ,2019,56,5
Germany, Oatmeal Raisin ,970,5,2.2,4850,2134,2716,11/1/2018,11, November ,2018,56,5
Mexico, Oatmeal Raisin ,1694,5,2.2,8470,3726.8,4743.2,11/1/2019,11, November ,2019,56,5
Mexico, Oatmeal Raisin ,1038,5,2.2,5190,2283.6,2906.4,6/1/2019,6, June ,2019,56,5
Canada, Oatmeal Raisin ,1630.5,5,2.2,8152.5,3587.1,4565.4,7/1/2019,7, July ,2019,56,5
France, Oatmeal Raisin ,306,5,2.2,1530,673.2,856.8,12/1/2018,12, December ,2018,56,5
United States, Oatmeal Raisin ,579,5,2.2,2895,1273.8,1621.2,1/1/2019,1, January ,2019,56,5
Canada, Oatmeal Raisin ,2240,5,2.2,11200,4928,6272,2/1/2019,2, February ,2019,56,5
United States, Oatmeal Raisin ,2993,5,2.2,14965,6584.6,8380.4,3/1/2019,3, March ,2019,56,5
Canada, Oatmeal Raisin ,3520.5,5,2.2,17602.5,7745.1,9857.4,4/1/2019,4, April ,2019,56,5
Mexico, Oatmeal Raisin ,2039,5,2.2,10195,4485.8,5709.2,5/1/2019,5, May ,2019,56,5
Germany, Oatmeal Raisin ,2574,5,2.2,12870,5662.8,7207.2,8/1/2019,8, August ,2019,56,5
Canada, Oatmeal Raisin ,707,5,2.2,3535,1555.4,1979.6,9/1/2019,9, September ,2019,56,5
France, Oatmeal Raisin ,2072,5,2.2,10360,4558.4,5801.6,12/1/2019,12, December ,2019,56,5
France, Oatmeal Raisin ,853,5,2.2,4265,1876.6,2388.4,12/1/2019,12, December ,2019,56,5
United States, Oatmeal Raisin ,3199.5,5,2.2,15997.5,7038.9,8958.6,7/1/2019,7, July ,2019,56,5
Germany, Oatmeal Raisin ,472,5,2.2,2360,1038.4,1321.6,10/1/2019,10, October ,2019,56,5
Germany, Oatmeal Raisin ,3165,5,2.2,15825,6963,8862,1/1/2019,1, January ,2019,56,5
Mexico, Oatmeal Raisin ,2629,5,2.2,13145,5783.8,7361.2,1/1/2019,1, January ,2019,56,5
France, Oatmeal Raisin ,1433,5,2.2,7165,3152.6,4012.4,5/1/2019,5, May ,2019,56,5
Mexico, Oatmeal Raisin ,947,5,2.2,4735,2083.4,2651.6,9/1/2018,9, September ,2018,56,5
Mexico, Oatmeal Raisin ,344,5,2.2,1720,756.8,963.2,10/1/2018,10, October ,2018,56,5
Mexico, Oatmeal Raisin ,2157,5,2.2,10785,4745.4,6039.6,12/1/2019,12, December ,2019,56,5
United States, Oatmeal Raisin ,270,5,2.2,1350,594,756,2/1/2019,2, February ,2019,56,5
France, Oatmeal Raisin ,3421.5,5,2.2,17107.5,7527.3,9580.2,7/1/2019,7, July ,2019,56,5
Canada, Oatmeal Raisin ,2734,5,2.2,13670,6014.8,7655.2,10/1/2019,10, October ,2019,56,5
United States, Oatmeal Raisin ,2548,5,2.2,12740,5605.6,7134.4,11/1/2018,11, November ,2018,56,5
Canada, Oatmeal Raisin ,2761,5,2.2,13805,6074.2,7730.8,9/1/2018,9, September ,2018,56,5
Canada, Oatmeal Raisin ,1659,5,2.2,8295,3649.8,4645.2,1/1/2019,1, January ,2019,56,5
France, Oatmeal Raisin ,1190,5,2.2,5950,2618,3332,6/1/2019,6, June ,2019,56,5
Mexico, Oatmeal Raisin ,410,5,2.2,2050,902,1148,10/1/2019,10, October ,2019,56,5
Germany, Oatmeal Raisin ,1770,5,2.2,8850,3894,4956,12/1/2018,12, December ,2018,56,5
France, Oatmeal Raisin ,1393,5,2.2,6965,3064.6,3900.4,10/1/2019,10, October ,2019,56,5
United States, Oatmeal Raisin ,2015,5,2.2,10075,4433,5642,12/1/2018,12, December ,2018,56,5
Canada, Oatmeal Raisin ,888,5,2.2,4440,1953.6,2486.4,3/1/2019,3, March ,2019,56,5
United States, Oatmeal Raisin ,2844,5,2.2,14220,6256.8,7963.2,5/1/2019,5, May ,2019,56,5
France, Oatmeal Raisin ,2475,5,2.2,12375,5445,6930,8/1/2019,8, August ,2019,56,5
Canada, Oatmeal Raisin ,1743,5,2.2,8715,3834.6,4880.4,10/1/2018,10, October ,2018,56,5
United States, Oatmeal Raisin ,2914,5,2.2,14570,6410.8,8159.2,10/1/2019,10, October ,2019,56,5
France, Oatmeal Raisin ,1731,5,2.2,8655,3808.2,4846.8,10/1/2019,10, October ,2019,56,5
Mexico, Oatmeal Raisin ,1727,5,2.2,8635,3799.4,4835.6,10/1/2018,10, October ,2018,56,5
Mexico, Oatmeal Raisin ,1870,5,2.2,9350,4114,5236,11/1/2018,11, November ,2018,56,5
France, Oatmeal Raisin ,2475,5,2.2,12375,5445,6930,3/1/2019,3, March ,2019,56,5
Mexico, Oatmeal Raisin ,546,5,2.2,2730,1201.2,1528.8,10/1/2019,10, October ,2019,56,5
Canada, Snickerdoodle ,1618.5,4,1.5,6474,2427.75,4046.25,1/1/2019,1, January ,2019,62.5,4
Germany, Snickerdoodle ,1321,4,1.5,5284,1981.5,3302.5,1/1/2019,1, January ,2019,62.5,4
France, Snickerdoodle ,2178,4,1.5,8712,3267,5445,6/1/2019,6, June ,2019,62.5,4
Germany, Snickerdoodle ,888,4,1.5,3552,1332,2220,6/1/2019,6, June ,2019,62.5,4
Mexico, Snickerdoodle ,2470,4,1.5,9880,3705,6175,6/1/2019,6, June ,2019,62.5,4
Germany, Snickerdoodle ,1513,4,1.5,6052,2269.5,3782.5,12/1/2019,12, December ,2019,62.5,4
United States, Snickerdoodle ,1858,4,1.5,7432,2787,4645,2/1/2019,2, February ,2019,62.5,4
Mexico, Snickerdoodle ,1210,4,1.5,4840,1815,3025,3/1/2019,3, March ,2019,62.5,4
United States, Snickerdoodle ,2529,4,1.5,10116,3793.5,6322.5,7/1/2019,7, July ,2019,62.5,4
Canada, Snickerdoodle ,1445,4,1.5,5780,2167.5,3612.5,9/1/2019,9, September ,2019,62.5,4
United States, Snickerdoodle ,330,4,1.5,1320,495,825,9/1/2018,9, September ,2018,62.5,4
France, Snickerdoodle ,2671,4,1.5,10684,4006.5,6677.5,9/1/2019,9, September ,2019,62.5,4
Germany, Snickerdoodle ,766,4,1.5,3064,1149,1915,10/1/2018,10, October ,2018,62.5,4
Mexico, Snickerdoodle ,494,4,1.5,1976,741,1235,10/1/2018,10, October ,2018,62.5,4
Mexico, Snickerdoodle ,1397,4,1.5,5588,2095.5,3492.5,10/1/2019,10, October ,2019,62.5,4
France, Snickerdoodle ,2155,4,1.5,8620,3232.5,5387.5,12/1/2019,12, December ,2019,62.5,4
Canada, Snickerdoodle ,742.5,4,1.5,2970,1113.75,1856.25,4/1/2019,4, April ,2019,62.5,4
Canada, Snickerdoodle ,1295,4,1.5,5180,1942.5,3237.5,10/1/2019,10, October ,2019,62.5,4
Germany, Snickerdoodle ,214,4,1.5,856,321,535,10/1/2018,10, October ,2018,62.5,4
France, Snickerdoodle ,2145,4,1.5,8580,3217.5,5362.5,11/1/2018,11, November ,2018,62.5,4
Canada, Snickerdoodle ,2852,4,1.5,11408,4278,7130,12/1/2019,12, December ,2019,62.5,4
France, Snickerdoodle ,4243.5,4,1.5,16974,6365.25,10608.75,4/1/2019,4, April ,2019,62.5,4
Germany, Snickerdoodle ,2580,4,1.5,10320,3870,6450,4/1/2019,4, April ,2019,62.5,4
Germany, Snickerdoodle ,689,4,1.5,2756,1033.5,1722.5,6/1/2019,6, June ,2019,62.5,4
United States, Snickerdoodle ,1947,4,1.5,7788,2920.5,4867.5,9/1/2019,9, September ,2019,62.5,4
Canada, Snickerdoodle ,908,4,1.5,3632,1362,2270,12/1/2018,12, December ,2018,62.5,4
Canada, Snickerdoodle ,831,4,1.5,3324,1246.5,2077.5,5/1/2019,5, May ,2019,62.5,4
Canada, Snickerdoodle ,2851,4,1.5,11404,4276.5,7127.5,10/1/2018,10, October ,2018,62.5,4
Germany, Snickerdoodle ,2021,4,1.5,8084,3031.5,5052.5,10/1/2019,10, October ,2019,62.5,4
United States, Snickerdoodle ,274,4,1.5,1096,411,685,12/1/2019,12, December ,2019,62.5,4
France, Snickerdoodle ,1865,4,1.5,7460,2797.5,4662.5,2/1/2019,2, February ,2019,62.5,4
Germany, Snickerdoodle ,1116,4,1.5,4464,1674,2790,2/1/2019,2, February ,2019,62.5,4
France, Snickerdoodle ,1563,4,1.5,6252,2344.5,3907.5,5/1/2019,5, May ,2019,62.5,4
United States, Snickerdoodle ,991,4,1.5,3964,1486.5,2477.5,6/1/2019,6, June ,2019,62.5,4
Germany, Snickerdoodle ,1016,4,1.5,4064,1524,2540,11/1/2018,11, November ,2018,62.5,4
Mexico, Snickerdoodle ,2791,4,1.5,11164,4186.5,6977.5,11/1/2019,11, November ,2019,62.5,4
United States, Snickerdoodle ,570,4,1.5,2280,855,1425,12/1/2019,12, December ,2019,62.5,4
France, Snickerdoodle ,2487,4,1.5,9948,3730.5,6217.5,12/1/2019,12, December ,2019,62.5,4
United States, Snickerdoodle ,1117.5,4,1.5,4470,1676.25,2793.75,1/1/2019,1, January ,2019,62.5,4
Canada, Snickerdoodle ,2844,4,1.5,11376,4266,7110,6/1/2019,6, June ,2019,62.5,4
Mexico, Snickerdoodle ,562,4,1.5,2248,843,1405,9/1/2019,9, September ,2019,62.5,4
Canada, Snickerdoodle ,2299,4,1.5,9196,3448.5,5747.5,10/1/2018,10, October ,2018,62.5,4
United States, Snickerdoodle ,2030,4,1.5,8120,3045,5075,11/1/2019,11, November ,2019,62.5,4
United States, Snickerdoodle ,263,4,1.5,1052,394.5,657.5,11/1/2018,11, November ,2018,62.5,4
Germany, Snickerdoodle ,887,4,1.5,3548,1330.5,2217.5,12/1/2018,12, December ,2018,62.5,4
Mexico, Snickerdoodle ,727,4,1.5,2908,1090.5,1817.5,2/1/2019,2, February ,2019,62.5,4
Canada, Snickerdoodle ,1884,4,1.5,7536,2826,4710,8/1/2019,8, August ,2019,62.5,4
Mexico, Snickerdoodle ,1834,4,1.5,7336,2751,4585,9/1/2018,9, September ,2018,62.5,4
United States, Snickerdoodle ,1761,4,1.5,7044,2641.5,4402.5,3/1/2019,3, March ,2019,62.5,4
France, Snickerdoodle ,448,4,1.5,1792,672,1120,6/1/2019,6, June ,2019,62.5,4
France, Snickerdoodle ,2181,4,1.5,8724,3271.5,5452.5,10/1/2019,10, October ,2019,62.5,4
Mexico, Snickerdoodle ,1540,4,1.5,6160,2310,3850,8/1/2019,8, August ,2019,62.5,4
France, Snickerdoodle ,490,4,1.5,1960,735,1225,11/1/2019,11, November ,2019,62.5,4
Mexico, Snickerdoodle ,1362,4,1.5,5448,2043,3405,12/1/2019,12, December ,2019,62.5,4
Canada, Snickerdoodle ,1094,4,1.5,4376,1641,2735,6/1/2019,6, June ,2019,62.5,4
Mexico, Snickerdoodle ,367,4,1.5,1468,550.5,917.5,10/1/2018,10, October ,2018,62.5,4
Germany, Snickerdoodle ,663,4,1.5,2652,994.5,1657.5,5/1/2019,5, May ,2019,62.5,4
Canada, Snickerdoodle ,819,4,1.5,3276,1228.5,2047.5,7/1/2019,7, July ,2019,62.5,4
Germany, Snickerdoodle ,1580,4,1.5,6320,2370,3950,9/1/2019,9, September ,2019,62.5,4
Mexico, Snickerdoodle ,521,4,1.5,2084,781.5,1302.5,12/1/2019,12, December ,2019,62.5,4
United States, Snickerdoodle ,386,4,1.5,1544,579,965,10/1/2018,10, October ,2018,62.5,4
United States, Snickerdoodle ,3445.5,4,1.5,13782,5168.25,8613.75,4/1/2019,4, April ,2019,62.5,4
France, Snickerdoodle ,1482,4,1.5,5928,2223,3705,12/1/2018,12, December ,2018,62.5,4
France, Snickerdoodle ,1198,4,1.5,4792,1797,2995,10/1/2018,10, October ,2018,62.5,4
Canada, Snickerdoodle ,1937,4,1.5,7748,2905.5,4842.5,2/1/2019,2, February ,2019,62.5,4
Germany, Snickerdoodle ,792,4,1.5,3168,1188,1980,3/1/2019,3, March ,2019,62.5,4
Germany, Snickerdoodle ,2811,4,1.5,11244,4216.5,7027.5,7/1/2019,7, July ,2019,62.5,4
France, Snickerdoodle ,2441,4,1.5,9764,3661.5,6102.5,10/1/2019,10, October ,2019,62.5,4
Canada, Snickerdoodle ,1560,4,1.5,6240,2340,3900,11/1/2018,11, November ,2018,62.5,4
Mexico, Snickerdoodle ,2706,4,1.5,10824,4059,6765,11/1/2018,11, November ,2018,62.5,4
Mexico, Snickerdoodle ,886,4,1.5,3544,1329,2215,6/1/2019,6, June ,2019,62.5,4
Canada, Snickerdoodle ,2416,4,1.5,9664,3624,6040,9/1/2018,9, September ,2018,62.5,4
Mexico, Snickerdoodle ,2156,4,1.5,8624,3234,5390,10/1/2019,10, October ,2019,62.5,4
Canada, Snickerdoodle ,2689,4,1.5,10756,4033.5,6722.5,11/1/2019,11, November ,2019,62.5,4
France, Snickerdoodle ,2521.5,4,1.5,10086,3782.25,6303.75,1/1/2019,1, January ,2019,62.5,4
United States, Snickerdoodle ,2567,4,1.5,10268,3850.5,6417.5,6/1/2019,6, June ,2019,62.5,4
Canada, Snickerdoodle ,923,4,1.5,3692,1384.5,2307.5,3/1/2019,3, March ,2019,62.5,4
France, Snickerdoodle ,1790,4,1.5,7160,2685,4475,3/1/2019,3, March ,2019,62.5,4
Germany, Snickerdoodle ,442,4,1.5,1768,663,1105,9/1/2018,9, September ,2018,62.5,4
Mexico, Snickerdoodle ,2579,4,1.5,10316,3868.5,6447.5,4/1/2019,4, April ,2019,62.5,4
United States, Snickerdoodle ,1743,4,1.5,6972,2614.5,4357.5,5/1/2019,5, May ,2019,62.5,4
United States, Snickerdoodle ,2996,4,1.5,11984,4494,7490,10/1/2018,10, October ,2018,62.5,4
Germany, Snickerdoodle ,280,4,1.5,1120,420,700,12/1/2019,12, December ,2019,62.5,4
Mexico, Snickerdoodle ,801,4,1.5,3204,1201.5,2002.5,7/1/2019,7, July ,2019,62.5,4
France, Snickerdoodle ,1023,4,1.5,4092,1534.5,2557.5,9/1/2018,9, September ,2018,62.5,4
Canada, Snickerdoodle ,1496,4,1.5,5984,2244,3740,10/1/2019,10, October ,2019,62.5,4
United States, Snickerdoodle ,1010,4,1.5,4040,1515,2525,10/1/2019,10, October ,2019,62.5,4
Germany, Snickerdoodle ,1513,4,1.5,6052,2269.5,3782.5,11/1/2019,11, November ,2019,62.5,4
Canada, Snickerdoodle ,2300,4,1.5,9200,3450,5750,12/1/2019,12, December ,2019,62.5,4
Mexico, Snickerdoodle ,2821,4,1.5,11284,4231.5,7052.5,12/1/2018,12, December ,2018,62.5,4
France, Snickerdoodle ,1174,4,1.5,4696,1761,2935,8/1/2019,8, August ,2019,62.5,4
Germany, Snickerdoodle ,2767,4,1.5,11068,4150.5,6917.5,8/1/2019,8, August ,2019,62.5,4
Germany, Snickerdoodle ,1085,4,1.5,4340,1627.5,2712.5,10/1/2019,10, October ,2019,62.5,4
Canada, Sugar ,2001,3,1.25,6003,2501.25,3501.75,2/1/2019,2, February ,2019,58.33333333,3
Germany, Sugar ,2838,3,1.25,8514,3547.5,4966.5,4/1/2019,4, April ,2019,58.33333333,3
France, Sugar ,2178,3,1.25,6534,2722.5,3811.5,6/1/2019,6, June ,2019,58.33333333,3
Germany, Sugar ,888,3,1.25,2664,1110,1554,6/1/2019,6, June ,2019,58.33333333,3
France, Sugar ,1527,3,1.25,4581,1908.75,2672.25,9/1/2018,9, September ,2018,58.33333333,3
France, Sugar ,2151,3,1.25,6453,2688.75,3764.25,9/1/2019,9, September ,2019,58.33333333,3
Canada, Sugar ,1817,3,1.25,5451,2271.25,3179.75,12/1/2019,12, December ,2019,58.33333333,3
Canada, Sugar ,1326,3,1.25,3978,1657.5,2320.5,3/1/2019,3, March ,2019,58.33333333,3
Germany, Sugar ,263,3,1.25,789,328.75,460.25,3/1/2019,3, March ,2019,58.33333333,3
Canada, Sugar ,943.5,3,1.25,2830.5,1179.38,1651.13,4/1/2019,4, April ,2019,58.33350998,3
United States, Sugar ,727,3,1.25,2181,908.75,1272.25,6/1/2019,6, June ,2019,58.33333333,3
France, Sugar ,787,3,1.25,2361,983.75,1377.25,6/1/2019,6, June ,2019,58.33333333,3
Germany, Sugar ,986,3,1.25,2958,1232.5,1725.5,9/1/2019,9, September ,2019,58.33333333,3
Mexico, Sugar ,494,3,1.25,1482,617.5,864.5,10/1/2018,10, October ,2018,58.33333333,3
Mexico, Sugar ,1397,3,1.25,4191,1746.25,2444.75,10/1/2019,10, October ,2019,58.33333333,3
France, Sugar ,1744,3,1.25,5232,2180,3052,11/1/2019,11, November ,2019,58.33333333,3
Mexico, Sugar ,662,3,1.25,1986,827.5,1158.5,6/1/2019,6, June ,2019,58.33333333,3
Germany, Sugar ,214,3,1.25,642,267.5,374.5,10/1/2018,10, October ,2018,58.33333333,3
Germany, Sugar ,2877,3,1.25,8631,3596.25,5034.75,10/1/2019,10, October ,2019,58.33333333,3
Canada, Sugar ,2729,3,1.25,8187,3411.25,4775.75,12/1/2019,12, December ,2019,58.33333333,3
United States, Sugar ,266,3,1.25,798,332.5,465.5,12/1/2018,12, December ,2018,58.33333333,3
Mexico, Sugar ,1940,3,1.25,5820,2425,3395,12/1/2018,12, December ,2018,58.33333333,3
United States, Sugar ,2844,3,1.25,8532,3555,4977,2/1/2019,2, February ,2019,58.33333333,3
Mexico, Sugar ,1916,3,1.25,5748,2395,3353,4/1/2019,4, April ,2019,58.33333333,3
Germany, Sugar ,1570,3,1.25,4710,1962.5,2747.5,6/1/2019,6, June ,2019,58.33333333,3
Canada, Sugar ,1874,3,1.25,5622,2342.5,3279.5,8/1/2019,8, August ,2019,58.33333333,3
Mexico, Sugar ,1642,3,1.25,4926,2052.5,2873.5,8/1/2019,8, August ,2019,58.33333333,3
Germany, Sugar ,1945,3,1.25,5835,2431.25,3403.75,10/1/2018,10, October ,2018,58.33333333,3
Germany, Sugar ,2479,3,1.25,7437,3098.75,4338.25,1/1/2019,1, January ,2019,58.33333333,3
France, Sugar ,866,3,1.25,2598,1082.5,1515.5,5/1/2019,5, May ,2019,58.33333333,3
United States, Sugar ,349,3,1.25,1047,436.25,610.75,9/1/2018,9, September ,2018,58.33333333,3
France, Sugar ,2177,3,1.25,6531,2721.25,3809.75,10/1/2019,10, October ,2019,58.33333333,3
Mexico, Sugar ,1514,3,1.25,4542,1892.5,2649.5,10/1/2018,10, October ,2018,58.33333333,3
Mexico, Sugar ,2689,3,1.25,8067,3361.25,4705.75,10/1/2019,10, October ,2019,58.33333333,3
Canada, Sugar ,1389,3,1.25,4167,1736.25,2430.75,10/1/2018,10, October ,2018,58.33333333,3
United States, Sugar ,1265,3,1.25,3795,1581.25,2213.75,11/1/2018,11, November ,2018,58.33333333,3
Germany, Sugar ,2297,3,1.25,6891,2871.25,4019.75,11/1/2018,11, November ,2018,58.33333333,3
United States, Sugar ,2663,3,1.25,7989,3328.75,4660.25,12/1/2019,12, December ,2019,58.33333333,3
United States, Sugar ,570,3,1.25,1710,712.5,997.5,12/1/2019,12, December ,2019,58.33333333,3
France, Sugar ,2487,3,1.25,7461,3108.75,4352.25,12/1/2019,12, December ,2019,58.33333333,3
Canada, Sugar ,2844,3,1.25,8532,3555,4977,6/1/2019,6, June ,2019,58.33333333,3
Mexico, Sugar ,1498,3,1.25,4494,1872.5,2621.5,6/1/2019,6, June ,2019,58.33333333,3
France, Sugar ,1221,3,1.25,3663,1526.25,2136.75,10/1/2018,10, October ,2018,58.33333333,3
Mexico, Sugar ,1123,3,1.25,3369,1403.75,1965.25,11/1/2018,11, November ,2018,58.33333333,3
Canada, Sugar ,2436,3,1.25,7308,3045,4263,12/1/2018,12, December ,2018,58.33333333,3
United States, Sugar ,1153,3,1.25,3459,1441.25,2017.75,10/1/2019,10, October ,2019,58.33333333,3
France, Sugar ,1738.5,3,1.25,5215.5,2173.13,3042.38,4/1/2019,4, April ,2019,58.3334292,3
Germany, Sugar ,2215,3,1.25,6645,2768.75,3876.25,9/1/2018,9, September ,2018,58.33333333,3
Canada, Sugar ,1582,3,1.25,4746,1977.5,2768.5,12/1/2019,12, December ,2019,58.33333333,3
Canada, Sugar ,3244.5,3,1.25,9733.5,4055.63,5677.88,1/1/2019,1, January ,2019,58.3333847,3
France, Sugar ,959,3,1.25,2877,1198.75,1678.25,2/1/2019,2, February ,2019,58.33333333,3
Mexico, Sugar ,2747,3,1.25,8241,3433.75,4807.25,2/1/2019,2, February ,2019,58.33333333,3
France, Sugar ,574.5,3,1.25,1723.5,718.13,1005.38,4/1/2019,4, April ,2019,58.33362344,3
Germany, Sugar ,2338,3,1.25,7014,2922.5,4091.5,6/1/2019,6, June ,2019,58.33333333,3
France, Sugar ,381,3,1.25,1143,476.25,666.75,8/1/2019,8, August ,2019,58.33333333,3
Germany, Sugar ,422,3,1.25,1266,527.5,738.5,8/1/2019,8, August ,2019,58.33333333,3
Canada, Sugar ,2134,3,1.25,6402,2667.5,3734.5,9/1/2019,9, September ,2019,58.33333333,3
United States, Sugar ,808,3,1.25,2424,1010,1414,12/1/2018,12, December ,2018,58.33333333,3
United States, Sugar ,436.5,3,1.25,1309.5,545.63,763.88,7/1/2019,7, July ,2019,58.33371516,3
United States, Sugar ,1956,3,1.25,5868,2445,3423,1/1/2019,1, January ,2019,58.33333333,3
Germany, Sugar ,2659,3,1.25,7977,3323.75,4653.25,2/1/2019,2, February ,2019,58.33333333,3
United States, Sugar ,1351.5,3,1.25,4054.5,1689.38,2365.13,4/1/2019,4, April ,2019,58.33345665,3
Germany, Sugar ,880,3,1.25,2640,1100,1540,5/1/2019,5, May ,2019,58.33333333,3
United States, Sugar ,1867,3,1.25,5601,2333.75,3267.25,9/1/2019,9, September ,2019,58.33333333,3
France, Sugar ,2234,3,1.25,6702,2792.5,3909.5,9/1/2018,9, September ,2018,58.33333333,3
France, Sugar ,1227,3,1.25,3681,1533.75,2147.25,10/1/2019,10, October ,2019,58.33333333,3
Mexico, Sugar ,877,3,1.25,2631,1096.25,1534.75,11/1/2019,11, November ,2019,58.33333333,3
Germany, Sugar ,360,3,1.25,1080,450,630,10/1/2019,10, October ,2019,58.33333333,3
France, Sugar ,2682,3,1.25,8046,3352.5,4693.5,11/1/2018,11, November ,2018,58.33333333,3
Mexico, Sugar ,521,3,1.25,1563,651.25,911.75,12/1/2019,12, December ,2019,58.33333333,3
Mexico, Sugar ,341,3,1.25,1023,426.25,596.75,5/1/2019,5, May ,2019,58.33333333,3
Mexico, Sugar ,641,3,1.25,1923,801.25,1121.75,7/1/2019,7, July ,2019,58.33333333,3
United States, Sugar ,2807,3,1.25,8421,3508.75,4912.25,8/1/2019,8, August ,2019,58.33333333,3
Mexico, Sugar ,432,3,1.25,1296,540,756,9/1/2019,9, September ,2019,58.33333333,3
United States, Sugar ,2294,3,1.25,6882,2867.5,4014.5,10/1/2018,10, October ,2018,58.33333333,3
France, Sugar ,2167,3,1.25,6501,2708.75,3792.25,10/1/2018,10, October ,2018,58.33333333,3
Canada, Sugar ,2529,3,1.25,7587,3161.25,4425.75,11/1/2019,11, November ,2019,58.33333333,3
Germany, Sugar ,1870,3,1.25,5610,2337.5,3272.5,12/1/2018,12, December ,2018,58.33333333,3
United States, Sugar ,1579,3,1.25,4737,1973.75,2763.25,3/1/2019,3, March ,2019,58.33333333,3
Mexico, Sugar ,1005,3,1.25,3015,1256.25,1758.75,9/1/2018,9, September ,2018,58.33333333,3
France, Sugar ,1734,3,1.25,5202,2167.5,3034.5,1/1/2019,1, January ,2019,58.33333333,3
Mexico, Sugar ,554,3,1.25,1662,692.5,969.5,1/1/2019,1, January ,2019,58.33333333,3
Canada, Sugar ,2935,3,1.25,8805,3668.75,5136.25,11/1/2018,11, November ,2018,58.33333333,3
Canada, Sugar ,2109,3,1.25,6327,2636.25,3690.75,5/1/2019,5, May ,2019,58.33333333,3
France, Sugar ,3874.5,3,1.25,11623.5,4843.13,6780.38,7/1/2019,7, July ,2019,58.33337635,3
Canada, Sugar ,623,3,1.25,1869,778.75,1090.25,9/1/2018,9, September ,2018,58.33333333,3
United States, Sugar ,986,3,1.25,2958,1232.5,1725.5,10/1/2019,10, October ,2019,58.33333333,3
United States, Sugar ,2387,3,1.25,7161,2983.75,4177.25,11/1/2019,11, November ,2019,58.33333333,3
Mexico, Sugar ,1233,3,1.25,3699,1541.25,2157.75,12/1/2019,12, December ,2019,58.33333333,3
France, Sugar ,1491,3,1.25,4473,1863.75,2609.25,3/1/2019,3, March ,2019,58.33333333,3
Germany, Sugar ,1531,3,1.25,4593,1913.75,2679.25,12/1/2019,12, December ,2019,58.33333333,3
United States, Sugar ,2567,3,1.25,7701,3208.75,4492.25,6/1/2019,6, June ,2019,58.33333333,3
Canada, Sugar ,1583,3,1.25,4749,1978.75,2770.25,6/1/2019,6, June ,2019,58.33333333,3
Canada, Sugar ,1565,3,1.25,4695,1956.25,2738.75,10/1/2019,10, October ,2019,58.33333333,3
Germany, Sugar ,280,3,1.25,840,350,490,12/1/2019,12, December ,2019,58.33333333,3
Mexico, Sugar ,2903,3,1.25,8709,3628.75,5080.25,3/1/2019,3, March ,2019,58.33333333,3
United States, Sugar ,2541,3,1.25,7623,3176.25,4446.75,8/1/2019,8, August ,2019,58.33333333,3
Canada, Sugar ,269,3,1.25,807,336.25,470.75,10/1/2018,10, October ,2018,58.33333333,3
Canada, Sugar ,1496,3,1.25,4488,1870,2618,10/1/2019,10, October ,2019,58.33333333,3
United States, Sugar ,1010,3,1.25,3030,1262.5,1767.5,10/1/2019,10, October ,2019,58.33333333,3
France, Sugar ,1281,3,1.25,3843,1601.25,2241.75,12/1/2018,12, December ,2018,58.33333333,3
Canada, Sugar ,865.5,3,1.25,2596.5,1081.88,1514.63,7/1/2019,7, July ,2019,58.3335259,3
Germany, Sugar ,492,3,1.25,1476,615,861,7/1/2019,7, July ,2019,58.33333333,3
United States, Sugar ,267,3,1.25,801,333.75,467.25,10/1/2018,10, October ,2018,58.33333333,3
Germany, Sugar ,1175,3,1.25,3525,1468.75,2056.25,10/1/2019,10, October ,2019,58.33333333,3
Canada, Sugar ,2954,3,1.25,8862,3692.5,5169.5,11/1/2018,11, November ,2018,58.33333333,3
Germany, Sugar ,552,3,1.25,1656,690,966,11/1/2019,11, November ,2019,58.33333333,3
France, Sugar ,293,3,1.25,879,366.25,512.75,12/1/2019,12, December ,2019,58.33333333,3
United States, Sugar ,1806,3,1.25,5418,2257.5,3160.5,5/1/2019,5, May ,2019,58.33333333,3
Mexico, White Chocolate Macadamia Nut ,1493,6,2.75,8958,4105.75,4852.25,1/1/2019,1, January ,2019,54.16666667,6
France, White Chocolate Macadamia Nut ,1804,6,2.75,10824,4961,5863,2/1/2019,2, February ,2019,54.16666667,6
Germany, White Chocolate Macadamia Nut ,2161,6,2.75,12966,5942.75,7023.25,3/1/2019,3, March ,2019,54.16666667,6
Germany, White Chocolate Macadamia Nut ,1006,6,2.75,6036,2766.5,3269.5,6/1/2019,6, June ,2019,54.16666667,6
Germany, White Chocolate Macadamia Nut ,1545,6,2.75,9270,4248.75,5021.25,6/1/2019,6, June ,2019,54.16666667,6
United States, White Chocolate Macadamia Nut ,2821,6,2.75,16926,7757.75,9168.25,8/1/2019,8, August ,2019,54.16666667,6
Canada, White Chocolate Macadamia Nut ,345,6,2.75,2070,948.75,1121.25,10/1/2018,10, October ,2018,54.16666667,6
France, White Chocolate Macadamia Nut ,639,6,2.75,3834,1757.25,2076.75,11/1/2019,11, November ,2019,54.16666667,6
France, White Chocolate Macadamia Nut ,3864,6,2.75,23184,10626,12558,4/1/2019,4, April ,2019,54.16666667,6
Mexico, White Chocolate Macadamia Nut ,362,6,2.75,2172,995.5,1176.5,5/1/2019,5, May ,2019,54.16666667,6
Canada, White Chocolate Macadamia Nut ,923,6,2.75,5538,2538.25,2999.75,8/1/2019,8, August ,2019,54.16666667,6
United States, White Chocolate Macadamia Nut ,663,6,2.75,3978,1823.25,2154.75,10/1/2018,10, October ,2018,54.16666667,6
Canada, White Chocolate Macadamia Nut ,2092,6,2.75,12552,5753,6799,11/1/2018,11, November ,2018,54.16666667,6
United States, White Chocolate Macadamia Nut ,1566,6,2.75,9396,4306.5,5089.5,10/1/2019,10, October ,2019,54.16666667,6
Germany, White Chocolate Macadamia Nut ,2966,6,2.75,17796,8156.5,9639.5,10/1/2018,10, October ,2018,54.16666667,6
Germany, White Chocolate Macadamia Nut ,2877,6,2.75,17262,7911.75,9350.25,10/1/2019,10, October ,2019,54.16666667,6
Germany, White Chocolate Macadamia Nut ,809,6,2.75,4854,2224.75,2629.25,10/1/2018,10, October ,2018,54.16666667,6
Mexico, White Chocolate Macadamia Nut ,2145,6,2.75,12870,5898.75,6971.25,10/1/2018,10, October ,2018,54.16666667,6
France, White Chocolate Macadamia Nut ,1055,6,2.75,6330,2901.25,3428.75,12/1/2019,12, December ,2019,54.16666667,6
Mexico, White Chocolate Macadamia Nut ,544,6,2.75,3264,1496,1768,12/1/2018,12, December ,2018,54.16666667,6
Mexico, White Chocolate Macadamia Nut ,1084,6,2.75,6504,2981,3523,12/1/2019,12, December ,2019,54.16666667,6
Canada, White Chocolate Macadamia Nut ,2009,6,2.75,12054,5524.75,6529.25,10/1/2019,10, October ,2019,54.16666667,6
Canada, White Chocolate Macadamia Nut ,3850.5,6,2.75,23103,10588.88,12514.13,4/1/2019,4, April ,2019,54.16668831,6
United States, White Chocolate Macadamia Nut ,736,6,2.75,4416,2024,2392,9/1/2018,9, September ,2018,54.16666667,6
United States, White Chocolate Macadamia Nut ,1465,6,2.75,8790,4028.75,4761.25,3/1/2019,3, March ,2019,54.16666667,6
Canada, White Chocolate Macadamia Nut ,2646,6,2.75,15876,7276.5,8599.5,9/1/2018,9, September ,2018,54.16666667,6
France, White Chocolate Macadamia Nut ,2177,6,2.75,13062,5986.75,7075.25,10/1/2019,10, October ,2019,54.16666667,6
Canada, White Chocolate Macadamia Nut ,2431,6,2.75,14586,6685.25,7900.75,12/1/2019,12, December ,2019,54.16666667,6
United States, White Chocolate Macadamia Nut ,555,6,2.75,3330,1526.25,1803.75,1/1/2019,1, January ,2019,54.16666667,6
Mexico, White Chocolate Macadamia Nut ,2861,6,2.75,17166,7867.75,9298.25,1/1/2019,1, January ,2019,54.16666667,6
Germany, White Chocolate Macadamia Nut ,807,6,2.75,4842,2219.25,2622.75,2/1/2019,2, February ,2019,54.16666667,6
United States, White Chocolate Macadamia Nut ,602,6,2.75,3612,1655.5,1956.5,6/1/2019,6, June ,2019,54.16666667,6
United States, White Chocolate Macadamia Nut ,2832,6,2.75,16992,7788,9204,8/1/2019,8, August ,2019,54.16666667,6
France, White Chocolate Macadamia Nut ,1579,6,2.75,9474,4342.25,5131.75,8/1/2019,8, August ,2019,54.16666667,6
United States, White Chocolate Macadamia Nut ,861,6,2.75,5166,2367.75,2798.25,10/1/2019,10, October ,2019,54.16666667,6
France, White Chocolate Macadamia Nut ,704,6,2.75,4224,1936,2288,10/1/2018,10, October ,2018,54.16666667,6
France, White Chocolate Macadamia Nut ,1033,6,2.75,6198,2840.75,3357.25,12/1/2018,12, December ,2018,54.16666667,6
Germany, White Chocolate Macadamia Nut ,1250,6,2.75,7500,3437.5,4062.5,12/1/2019,12, December ,2019,54.16666667,6
Canada, White Chocolate Macadamia Nut ,952,6,2.75,5712,2618,3094,2/1/2019,2, February ,2019,54.16666667,6
United States, White Chocolate Macadamia Nut ,2755,6,2.75,16530,7576.25,8953.75,2/1/2019,2, February ,2019,54.16666667,6
Germany, White Chocolate Macadamia Nut ,1530,6,2.75,9180,4207.5,4972.5,5/1/2019,5, May ,2019,54.16666667,6
France, White Chocolate Macadamia Nut ,1496,6,2.75,8976,4114,4862,6/1/2019,6, June ,2019,54.16666667,6
Mexico, White Chocolate Macadamia Nut ,1498,6,2.75,8988,4119.5,4868.5,6/1/2019,6, June ,2019,54.16666667,6
France, White Chocolate Macadamia Nut ,1221,6,2.75,7326,3357.75,3968.25,10/1/2018,10, October ,2018,54.16666667,6
France, White Chocolate Macadamia Nut ,2076,6,2.75,12456,5709,6747,10/1/2018,10, October ,2018,54.16666667,6
Germany, White Chocolate Macadamia Nut ,1001,6,2.75,6006,2752.75,3253.25,8/1/2019,8, August ,2019,54.16666667,6
Mexico, White Chocolate Macadamia Nut ,1333,6,2.75,7998,3665.75,4332.25,11/1/2019,11, November ,2019,54.16666667,6
Canada, White Chocolate Macadamia Nut ,1262,6,2.75,7572,3470.5,4101.5,5/1/2019,5, May ,2019,54.16666667,6
Canada, White Chocolate Macadamia Nut ,1135,6,2.75,6810,3121.25,3688.75,6/1/2019,6, June ,2019,54.16666667,6
United States, White Chocolate Macadamia Nut ,547,6,2.75,3282,1504.25,1777.75,11/1/2019,11, November ,2019,54.16666667,6
Canada, White Chocolate Macadamia Nut ,1582,6,2.75,9492,4350.5,5141.5,12/1/2019,12, December ,2019,54.16666667,6
France, White Chocolate Macadamia Nut ,1659,6,2.75,9954,4562.25,5391.75,7/1/2019,7, July ,2019,54.16666667,6
Mexico, White Chocolate Macadamia Nut ,609,6,2.75,3654,1674.75,1979.25,8/1/2019,8, August ,2019,54.16666667,6
Germany, White Chocolate Macadamia Nut ,2087,6,2.75,12522,5739.25,6782.75,9/1/2019,9, September ,2019,54.16666667,6
France, White Chocolate Macadamia Nut ,1976,6,2.75,11856,5434,6422,10/1/2019,10, October ,2019,54.16666667,6
United States, White Chocolate Macadamia Nut ,1421,6,2.75,8526,3907.75,4618.25,12/1/2018,12, December ,2018,54.16666667,6
United States, White Chocolate Macadamia Nut ,1372,6,2.75,8232,3773,4459,12/1/2019,12, December ,2019,54.16666667,6
Germany, White Chocolate Macadamia Nut ,588,6,2.75,3528,1617,1911,12/1/2018,12, December ,2018,54.16666667,6
Canada, White Chocolate Macadamia Nut ,598,6,2.75,3588,1644.5,1943.5,3/1/2019,3, March ,2019,54.16666667,6
United States, White Chocolate Macadamia Nut ,2907,6,2.75,17442,7994.25,9447.75,6/1/2019,6, June ,2019,54.16666667,6
Germany, White Chocolate Macadamia Nut ,2338,6,2.75,14028,6429.5,7598.5,6/1/2019,6, June ,2019,54.16666667,6
France, White Chocolate Macadamia Nut ,386,6,2.75,2316,1061.5,1254.5,11/1/2018,11, November ,2018,54.16666667,6
Mexico, White Chocolate Macadamia Nut ,635,6,2.75,3810,1746.25,2063.75,12/1/2019,12, December ,2019,54.16666667,6
Mexico, White Chocolate Macadamia Nut ,245,6,2.75,1470,673.75,796.25,5/1/2019,5, May ,2019,54.16666667,6
Canada, White Chocolate Macadamia Nut ,3793.5,6,2.75,22761,10432.13,12328.88,7/1/2019,7, July ,2019,54.16668863,6
Germany, White Chocolate Macadamia Nut ,1307,6,2.75,7842,3594.25,4247.75,7/1/2019,7, July ,2019,54.16666667,6
Canada, White Chocolate Macadamia Nut ,567,6,2.75,3402,1559.25,1842.75,9/1/2019,9, September ,2019,54.16666667,6
Mexico, White Chocolate Macadamia Nut ,2110,6,2.75,12660,5802.5,6857.5,9/1/2019,9, September ,2019,54.16666667,6
Canada, White Chocolate Macadamia Nut ,1269,6,2.75,7614,3489.75,4124.25,10/1/2019,10, October ,2019,54.16666667,6
France, White Chocolate Macadamia Nut ,1967,6,2.75,11802,5409.25,6392.75,3/1/2019,3, March ,2019,54.16666667,6
Mexico, White Chocolate Macadamia Nut ,2628,6,2.75,15768,7227,8541,4/1/2019,4, April ,2019,54.16666667,6
Germany, White Chocolate Macadamia Nut ,681,6,2.75,4086,1872.75,2213.25,1/1/2019,1, January ,2019,54.16666667,6
Germany, White Chocolate Macadamia Nut ,510,6,2.75,3060,1402.5,1657.5,4/1/2019,4, April ,2019,54.16666667,6
United States, White Chocolate Macadamia Nut ,790,6,2.75,4740,2172.5,2567.5,5/1/2019,5, May ,2019,54.16666667,6
France, White Chocolate Macadamia Nut ,639,6,2.75,3834,1757.25,2076.75,7/1/2019,7, July ,2019,54.16666667,6
United States, White Chocolate Macadamia Nut ,1596,6,2.75,9576,4389,5187,9/1/2019,9, September ,2019,54.16666667,6
United States, White Chocolate Macadamia Nut ,2294,6,2.75,13764,6308.5,7455.5,10/1/2018,10, October ,2018,54.16666667,6
Germany, White Chocolate Macadamia Nut ,241,6,2.75,1446,662.75,783.25,10/1/2019,10, October ,2019,54.16666667,6
Germany, White Chocolate Macadamia Nut ,2665,6,2.75,15990,7328.75,8661.25,11/1/2019,11, November ,2019,54.16666667,6
Canada, White Chocolate Macadamia Nut ,1916,6,2.75,11496,5269,6227,12/1/2018,12, December ,2018,54.16666667,6
France, White Chocolate Macadamia Nut ,853,6,2.75,5118,2345.75,2772.25,12/1/2019,12, December ,2019,54.16666667,6
Canada, White Chocolate Macadamia Nut ,384,6,2.75,2304,1056,1248,1/1/2019,1, January ,2019,54.16666667,6
Germany, White Chocolate Macadamia Nut ,472,6,2.75,2832,1298,1534,10/1/2019,10, October ,2019,54.16666667,6
France, White Chocolate Macadamia Nut ,2805,6,2.75,16830,7713.75,9116.25,9/1/2018,9, September ,2018,54.16666667,6
Mexico, White Chocolate Macadamia Nut ,655,6,2.75,3930,1801.25,2128.75,9/1/2018,9, September ,2018,54.16666667,6
Mexico, White Chocolate Macadamia Nut ,344,6,2.75,2064,946,1118,10/1/2018,10, October ,2018,54.16666667,6
Canada, White Chocolate Macadamia Nut ,1808,6,2.75,10848,4972,5876,11/1/2019,11, November ,2019,54.16666667,6
Mexico, White Chocolate Macadamia Nut ,1395,6,2.75,8370,3836.25,4533.75,7/1/2019,7, July ,2019,54.16666667,6
United States, White Chocolate Macadamia Nut ,986,6,2.75,5916,2711.5,3204.5,10/1/2019,10, October ,2019,54.16666667,6
Mexico, White Chocolate Macadamia Nut ,905,6,2.75,5430,2488.75,2941.25,10/1/2019,10, October ,2019,54.16666667,6
France, White Chocolate Macadamia Nut ,3997.5,6,2.75,23985,10993.13,12991.88,1/1/2019,1, January ,2019,54.16668751,6
Canada, White Chocolate Macadamia Nut ,2632,6,2.75,15792,7238,8554,6/1/2019,6, June ,2019,54.16666667,6
France, White Chocolate Macadamia Nut ,1190,6,2.75,7140,3272.5,3867.5,6/1/2019,6, June ,2019,54.16666667,6
Mexico, White Chocolate Macadamia Nut ,604,6,2.75,3624,1661,1963,6/1/2019,6, June ,2019,54.16666667,6
Germany, White Chocolate Macadamia Nut ,660,6,2.75,3960,1815,2145,9/1/2018,9, September ,2018,54.16666667,6
Mexico, White Chocolate Macadamia Nut ,410,6,2.75,2460,1127.5,1332.5,10/1/2019,10, October ,2019,54.16666667,6
Mexico, White Chocolate Macadamia Nut ,2605,6,2.75,15630,7163.75,8466.25,11/1/2018,11, November ,2018,54.16666667,6
Germany, White Chocolate Macadamia Nut ,1013,6,2.75,6078,2785.75,3292.25,12/1/2019,12, December ,2019,54.16666667,6
Mexico, White Chocolate Macadamia Nut ,1575,6,2.75,9450,4331.25,5118.75,2/1/2019,2, February ,2019,54.16666667,6
United States, White Chocolate Macadamia Nut ,606,6,2.75,3636,1666.5,1969.5,4/1/2019,4, April ,2019,54.16666667,6
United States, White Chocolate Macadamia Nut ,2460,6,2.75,14760,6765,7995,7/1/2019,7, July ,2019,54.16666667,6
Canada, White Chocolate Macadamia Nut ,269,6,2.75,1614,739.75,874.25,10/1/2018,10, October ,2018,54.16666667,6
Germany, White Chocolate Macadamia Nut ,2536,6,2.75,15216,6974,8242,11/1/2018,11, November ,2018,54.16666667,6
Mexico, White Chocolate Macadamia Nut ,500,6,2.75,3000,1375,1625,3/1/2019,3, March ,2019,54.16666667,6
France, White Chocolate Macadamia Nut ,2826,6,2.75,16956,7771.5,9184.5,5/1/2019,5, May ,2019,54.16666667,6
France, White Chocolate Macadamia Nut ,663,6,2.75,3978,1823.25,2154.75,9/1/2019,9, September ,2019,54.16666667,6
United States, White Chocolate Macadamia Nut ,2574,6,2.75,15444,7078.5,8365.5,11/1/2018,11, November ,2018,54.16666667,6
United States, White Chocolate Macadamia Nut ,2438,6,2.75,14628,6704.5,7923.5,12/1/2018,12, December ,2018,54.16666667,6
United States, White Chocolate Macadamia Nut ,914,6,2.75,5484,2513.5,2970.5,12/1/2019,12, December ,2019,54.16666667,6
